"Eixo","Media"
"VM",2.16666666666667
"TC",1.94047619047619
"MN",1.73333333333333
"GO",1.68939393939394
