"Eixo","Media"
"VM",2
"TC",1.77380952380952
"MN",1.56666666666667
"GO",1.52272727272727
