"Eixo","Media"
"MN",2.20833333333333
"TC",2.00595238095238
"VM",2
"GO",1.93939393939394
